User ID;Product ID;Product Name;Brand;Category;Price;Rating/5;Color;Size
19;1;Dress;Adidas;Men's Fashion;40;1,0431;Black;XL
97;2;Shoes;H&M;Women's Fashion;82;4,0264;Black;L
25;3;Dress;Adidas;Women's Fashion;44;3,3379;Yellow;XL
57;4;Shoes;Zara;Men's Fashion;23;1,0495;White;S
79;5;T-shirt;Adidas;Men's Fashion;79;4,3027;Black;M
98;6;Dress;Adidas;Men's Fashion;47;1,3795;Yellow;L
16;7;Jeans;Gucci;Men's Fashion;37;1,3567;White;XL
63;8;Sweater;Zara;Kids' Fashion;64;4,3603;Blue;XL
96;9;Sweater;H&M;Men's Fashion;53;4,4661;Green;XL
36;10;T-shirt;Zara;Kids' Fashion;55;4,0932;White;XL
69;11;T-shirt;Adidas;Men's Fashion;51;1,1609;Red;S
87;12;Sweater;Gucci;Kids' Fashion;91;2,6997;Yellow;M
9;13;Jeans;Nike;Kids' Fashion;35;1,6011;Red;M
50;14;Dress;Zara;Women's Fashion;34;2,921;White;L
31;15;Shoes;Zara;Men's Fashion;54;3,6704;Yellow;M
37;16;Dress;Adidas;Women's Fashion;27;1,4227;Blue;S
41;17;Dress;Gucci;Women's Fashion;75;1,4806;Blue;XL
15;18;Jeans;Gucci;Women's Fashion;73;4,4982;Red;XL
84;19;Shoes;Gucci;Women's Fashion;54;3,2783;White;M
56;20;Dress;Gucci;Men's Fashion;53;3,7852;Green;L
87;21;Jeans;H&M;Men's Fashion;56;2,6095;Yellow;S
56;22;Jeans;Gucci;Women's Fashion;89;4,5686;Green;L
60;23;Jeans;Zara;Kids' Fashion;91;4,0727;Yellow;M
64;24;Jeans;Zara;Women's Fashion;15;2,4997;Yellow;XL
65;25;Sweater;H&M;Kids' Fashion;38;1,0204;Green;S
26;26;Dress;Gucci;Women's Fashion;21;4,7481;Green;S
82;27;T-shirt;Adidas;Kids' Fashion;72;3,3017;Red;L
87;28;Shoes;Zara;Women's Fashion;32;2,8228;Yellow;L
98;29;Shoes;Gucci;Women's Fashion;85;4,9409;Yellow;M
20;30;Sweater;Nike;Kids' Fashion;99;3,1101;Green;XL
36;31;Jeans;H&M;Kids' Fashion;37;2,7551;Blue;S
98;32;T-shirt;Nike;Kids' Fashion;78;3,4472;White;XL
69;33;Jeans;H&M;Kids' Fashion;89;4,7994;Green;XL
31;34;Jeans;H&M;Men's Fashion;80;3,9232;Black;S
48;35;Jeans;Zara;Women's Fashion;37;4,1739;Blue;L
18;36;Dress;H&M;Kids' Fashion;74;1,015;Green;S
27;37;Sweater;Zara;Kids' Fashion;48;4,9476;Blue;S
60;38;T-shirt;Nike;Kids' Fashion;76;2,663;Yellow;S
46;39;Jeans;Adidas;Men's Fashion;90;1,7887;Yellow;M
84;40;Dress;Zara;Women's Fashion;26;2,4356;Black;XL
43;41;Jeans;Gucci;Women's Fashion;40;2,9221;Blue;L
43;42;Shoes;Zara;Kids' Fashion;43;1,6719;Red;S
91;43;T-shirt;Adidas;Men's Fashion;39;3,6018;White;M
78;44;Jeans;Nike;Kids' Fashion;74;2,0391;White;M
60;45;Jeans;Gucci;Women's Fashion;85;4,8867;Red;L
44;46;Dress;Zara;Men's Fashion;38;2,8278;Yellow;XL
93;47;Jeans;Zara;Men's Fashion;62;1,2807;Green;S
74;48;T-shirt;Gucci;Kids' Fashion;10;1,8369;Green;M
19;49;Sweater;Gucci;Kids' Fashion;52;3,0122;Green;XL
98;50;T-shirt;H&M;Women's Fashion;38;3,0832;Blue;L
51;51;Jeans;Adidas;Women's Fashion;67;3,8429;Yellow;XL
80;52;Dress;Nike;Kids' Fashion;59;3,9642;Red;S
39;53;T-shirt;Nike;Men's Fashion;16;1,2923;Red;M
33;54;Shoes;H&M;Men's Fashion;33;2,4505;Blue;S
78;55;Sweater;Adidas;Kids' Fashion;76;2,8206;Red;S
24;56;Dress;Nike;Women's Fashion;53;2,2513;White;XL
99;57;Sweater;Adidas;Women's Fashion;52;3,6131;Red;M
83;58;Shoes;Adidas;Women's Fashion;61;1,6845;White;L
38;59;Dress;Nike;Kids' Fashion;93;3,1584;Blue;M
51;60;Shoes;H&M;Kids' Fashion;24;1,5907;Yellow;XL
63;61;Shoes;Adidas;Women's Fashion;25;1,0424;Yellow;M
54;62;T-shirt;Nike;Men's Fashion;66;2,0631;Blue;L
53;63;Jeans;Zara;Kids' Fashion;55;4,0262;White;L
50;64;Shoes;Gucci;Kids' Fashion;72;1,7792;Red;M
6;65;Shoes;H&M;Kids' Fashion;33;3,045;Yellow;XL
87;66;Sweater;H&M;Kids' Fashion;59;4,5509;Red;XL
84;67;Jeans;Gucci;Women's Fashion;41;4,2516;Green;M
43;68;T-shirt;Gucci;Women's Fashion;76;4,3049;Red;S
3;69;Sweater;Gucci;Women's Fashion;74;3,6666;Yellow;M
6;70;Dress;Gucci;Women's Fashion;36;2,5386;Yellow;M
15;71;Sweater;Adidas;Women's Fashion;35;4,865;White;M
94;72;T-shirt;H&M;Women's Fashion;51;2,7936;Yellow;M
98;73;T-shirt;Gucci;Men's Fashion;34;2,9239;Red;M
6;74;Dress;Zara;Women's Fashion;68;2,8808;White;XL
42;75;Dress;H&M;Women's Fashion;86;2,8894;Blue;S
54;76;Jeans;Adidas;Women's Fashion;39;2,9741;Black;XL
37;77;Sweater;H&M;Kids' Fashion;90;2,2282;Blue;L
9;78;T-shirt;Nike;Men's Fashion;76;1,2972;White;XL
26;79;T-shirt;Nike;Men's Fashion;11;1,3334;Red;L
71;80;Jeans;Nike;Kids' Fashion;21;2,938;Red;XL
72;81;T-shirt;Nike;Women's Fashion;66;2,4034;Green;S
100;82;Dress;H&M;Kids' Fashion;31;4,6127;Blue;S
69;83;Shoes;Nike;Women's Fashion;49;1,4217;Blue;L
19;84;Sweater;Adidas;Women's Fashion;42;2,5601;Red;L
84;85;Shoes;Nike;Women's Fashion;89;1,1076;Yellow;XL
4;86;Sweater;Zara;Men's Fashion;50;3,2762;Yellow;M
21;87;Shoes;Nike;Men's Fashion;41;4,1269;Red;S
85;88;Dress;Nike;Kids' Fashion;61;2,5578;White;L
10;89;Dress;Gucci;Men's Fashion;66;3,8964;White;L
2;90;Jeans;H&M;Men's Fashion;37;3,9615;Red;XL
90;91;Jeans;H&M;Kids' Fashion;85;3,0525;Green;XL
6;92;Jeans;Adidas;Men's Fashion;100;1,845;White;M
33;93;Shoes;Nike;Men's Fashion;70;4,9281;White;S
12;94;Shoes;Zara;Women's Fashion;21;3,9418;Yellow;XL
62;95;Shoes;Gucci;Women's Fashion;58;1,9715;Blue;S
22;96;Dress;Gucci;Women's Fashion;30;4,6552;Red;L
18;97;Jeans;Gucci;Men's Fashion;52;3,7618;Green;L
44;98;Sweater;Gucci;Kids' Fashion;61;4,277;Black;XL
25;99;Shoes;Nike;Kids' Fashion;93;4,28;Yellow;L
79;100;Shoes;Adidas;Kids' Fashion;84;1,8372;Red;L
52;101;Jeans;Zara;Women's Fashion;95;1,5017;Green;XL
71;102;Sweater;Gucci;Kids' Fashion;19;4,2118;Red;S
57;103;Jeans;Zara;Women's Fashion;84;3,6491;White;XL
64;104;Jeans;H&M;Men's Fashion;24;4,7372;White;M
35;105;Jeans;Zara;Women's Fashion;52;1,7509;Yellow;L
63;106;Jeans;H&M;Kids' Fashion;21;2,7262;Red;L
19;107;Sweater;Zara;Men's Fashion;23;3,3213;Red;L
80;108;Sweater;Gucci;Men's Fashion;13;4,278;Green;L
77;109;Jeans;Nike;Kids' Fashion;73;2,7276;Black;XL
22;110;Sweater;Gucci;Women's Fashion;33;4,665;Blue;XL
99;111;Shoes;Zara;Women's Fashion;55;2,3936;Green;M
92;112;Jeans;Adidas;Men's Fashion;15;2,4462;White;S
97;113;T-shirt;Zara;Men's Fashion;60;1,1884;White;L
48;114;Shoes;H&M;Men's Fashion;37;1,4571;Red;M
37;115;Dress;Adidas;Kids' Fashion;64;2,8878;Blue;L
77;116;Shoes;Adidas;Women's Fashion;60;3,1148;Green;M
52;117;Dress;Zara;Kids' Fashion;75;3,9921;White;M
63;118;Dress;Adidas;Men's Fashion;71;3,5173;Yellow;S
10;119;Jeans;Nike;Men's Fashion;73;2,6579;Yellow;S
77;120;T-shirt;H&M;Men's Fashion;12;2,5073;Green;M
95;121;T-shirt;Gucci;Men's Fashion;96;1,6339;Red;M
90;122;Sweater;H&M;Women's Fashion;36;4,4251;Blue;XL
80;123;Sweater;Nike;Women's Fashion;65;2,6473;Yellow;L
65;124;Sweater;H&M;Men's Fashion;62;1,0908;Black;L
56;125;Sweater;H&M;Kids' Fashion;56;4,1393;Green;L
65;126;T-shirt;Nike;Kids' Fashion;55;4,8517;Green;M
7;127;Shoes;Zara;Women's Fashion;47;4,8674;Yellow;M
100;128;T-shirt;H&M;Women's Fashion;61;2,3104;Green;M
70;129;T-shirt;Zara;Women's Fashion;85;2,1043;Yellow;M
40;130;Shoes;Nike;Women's Fashion;81;1,0219;Green;M
70;131;T-shirt;H&M;Men's Fashion;50;3,3774;Blue;M
100;132;Sweater;Adidas;Women's Fashion;10;2,9977;White;M
29;133;Shoes;H&M;Kids' Fashion;28;1,6645;Blue;XL
23;134;Sweater;Zara;Women's Fashion;60;3,6336;Yellow;S
94;135;Dress;Adidas;Kids' Fashion;14;3,6547;Blue;L
34;136;Shoes;Zara;Men's Fashion;45;1,0176;Blue;XL
44;137;Dress;Gucci;Kids' Fashion;90;3,3205;Green;S
16;138;Dress;H&M;Women's Fashion;23;1,8115;Yellow;S
73;139;Sweater;Gucci;Women's Fashion;45;3,54;Blue;XL
54;140;Shoes;Zara;Kids' Fashion;40;2,0226;Green;M
58;141;Jeans;Nike;Women's Fashion;28;4,4415;Yellow;L
46;142;Shoes;Nike;Men's Fashion;38;4,4039;White;XL
88;143;Shoes;Gucci;Women's Fashion;81;4,9229;White;L
75;144;Shoes;Adidas;Kids' Fashion;57;1,0009;Blue;M
34;145;T-shirt;Zara;Kids' Fashion;60;4,8219;Green;S
75;146;Shoes;Adidas;Women's Fashion;53;3,4663;Yellow;M
54;147;Shoes;Gucci;Kids' Fashion;48;2,5823;Green;L
39;148;Shoes;Adidas;Women's Fashion;82;2,7163;Black;L
95;149;Jeans;Adidas;Women's Fashion;56;4,0012;Green;M
67;150;T-shirt;Nike;Women's Fashion;43;1,1973;Green;M
5;151;Shoes;Adidas;Men's Fashion;77;2,352;Blue;M
31;152;Jeans;Nike;Men's Fashion;71;4,8156;Green;S
2;153;Shoes;Nike;Kids' Fashion;31;1,9462;Black;S
51;154;Dress;Zara;Men's Fashion;11;2,3012;Blue;L
91;155;T-shirt;Gucci;Women's Fashion;48;2,4338;White;L
92;156;T-shirt;Adidas;Women's Fashion;21;1,1541;Red;L
39;157;Dress;Adidas;Women's Fashion;67;3,9817;Yellow;S
99;158;Shoes;Adidas;Men's Fashion;88;2,9233;Blue;M
10;159;Jeans;Nike;Kids' Fashion;50;2,2417;Green;S
46;160;Shoes;Gucci;Women's Fashion;35;2,9838;Black;L
80;161;Sweater;Adidas;Women's Fashion;67;4,7354;Blue;M
40;162;T-shirt;Nike;Women's Fashion;48;2,9816;Red;L
18;163;Dress;Nike;Women's Fashion;93;4,268;Green;S
16;164;T-shirt;Nike;Men's Fashion;68;2,6365;Red;L
34;165;Jeans;Gucci;Women's Fashion;67;2,2754;White;XL
100;166;Sweater;Adidas;Kids' Fashion;96;4,7438;White;L
92;167;Shoes;Zara;Kids' Fashion;43;4,478;Blue;S
54;168;Sweater;Gucci;Women's Fashion;69;4,4565;Green;XL
62;169;Shoes;Zara;Men's Fashion;98;1,0894;Black;XL
50;170;Sweater;Gucci;Men's Fashion;20;3,4651;Yellow;M
24;171;Jeans;Nike;Men's Fashion;42;1,7678;Blue;S
13;172;Jeans;Zara;Women's Fashion;32;4,7954;Yellow;M
98;173;Dress;Nike;Kids' Fashion;21;3,1018;Yellow;S
82;174;Jeans;Adidas;Kids' Fashion;80;3,3345;Black;M
48;175;Dress;Adidas;Men's Fashion;55;1,9132;Blue;S
59;176;Dress;H&M;Kids' Fashion;91;1,9981;Red;XL
56;177;Sweater;Nike;Kids' Fashion;12;4,5676;Yellow;M
93;178;Jeans;Nike;Women's Fashion;26;1,6878;Red;XL
54;179;Shoes;Adidas;Kids' Fashion;53;1,0283;Blue;M
61;180;T-shirt;Zara;Kids' Fashion;43;2,3664;Green;M
74;181;Shoes;H&M;Kids' Fashion;80;4,829;Black;L
39;182;Jeans;Zara;Men's Fashion;68;4,3589;Yellow;L
20;183;Jeans;Zara;Kids' Fashion;67;2,6752;Black;M
67;184;Sweater;Zara;Women's Fashion;67;3,4485;Green;L
38;185;Sweater;Gucci;Men's Fashion;34;1,5653;Yellow;L
16;186;Jeans;Adidas;Men's Fashion;56;2,4349;Blue;L
81;187;Jeans;Zara;Women's Fashion;36;3,043;Green;S
33;188;Shoes;Nike;Men's Fashion;44;4,3599;Green;XL
55;189;Jeans;Adidas;Women's Fashion;15;3,4669;Blue;L
38;190;Sweater;Zara;Kids' Fashion;32;4,033;Yellow;XL
48;191;T-shirt;Gucci;Kids' Fashion;95;3,2306;Black;M
35;192;Sweater;Zara;Kids' Fashion;87;3,9615;White;L
8;193;T-shirt;H&M;Women's Fashion;60;2,9369;White;L
56;194;Sweater;Adidas;Women's Fashion;92;3,7925;White;S
32;195;Shoes;Zara;Kids' Fashion;60;3,3448;White;L
72;196;Jeans;Gucci;Kids' Fashion;17;1,2894;Red;M
48;197;Jeans;Nike;Kids' Fashion;90;2,299;Yellow;XL
3;198;T-shirt;Zara;Men's Fashion;67;3,0321;Blue;XL
39;199;T-shirt;Zara;Women's Fashion;15;4,9806;Black;M
75;200;Sweater;H&M;Men's Fashion;45;4,1244;Black;S
21;201;Jeans;Zara;Women's Fashion;57;4,246;Yellow;M
84;202;Sweater;Nike;Men's Fashion;40;3,4955;Green;S
53;203;Jeans;Zara;Women's Fashion;75;1,8762;Yellow;S
3;204;T-shirt;Zara;Kids' Fashion;81;1,8932;Black;M
41;205;T-shirt;H&M;Men's Fashion;73;2,9765;Yellow;XL
64;206;Jeans;Nike;Kids' Fashion;56;4,3604;Yellow;XL
30;207;Sweater;Gucci;Kids' Fashion;53;2,7895;Black;M
9;208;Jeans;Zara;Men's Fashion;79;2,6711;White;M
88;209;Dress;H&M;Women's Fashion;30;1,0286;Black;XL
36;210;Jeans;Adidas;Women's Fashion;42;2,049;Yellow;M
6;211;Jeans;Zara;Women's Fashion;50;3,1738;Green;L
24;212;T-shirt;Adidas;Women's Fashion;71;3,4395;White;S
76;213;Jeans;Zara;Women's Fashion;80;4,8602;Yellow;XL
59;214;Dress;Adidas;Women's Fashion;98;1,7939;Yellow;XL
49;215;T-shirt;Adidas;Men's Fashion;49;3,6232;Yellow;S
87;216;Shoes;Gucci;Kids' Fashion;57;3,8824;White;M
7;217;Sweater;Gucci;Women's Fashion;98;1,4381;Yellow;S
94;218;Sweater;Gucci;Men's Fashion;69;3,077;Red;M
78;219;Dress;H&M;Women's Fashion;97;1,9688;Green;S
35;220;T-shirt;H&M;Kids' Fashion;42;4,5053;Blue;L
68;221;T-shirt;Adidas;Men's Fashion;49;2,8591;Black;L
77;222;Dress;Adidas;Kids' Fashion;36;1,1053;Yellow;S
33;223;Jeans;Gucci;Women's Fashion;73;2,9708;White;XL
48;224;T-shirt;Adidas;Women's Fashion;88;1,7486;White;L
46;225;Dress;Nike;Men's Fashion;61;1,6351;Yellow;S
6;226;Sweater;H&M;Men's Fashion;16;2,4317;Green;XL
44;227;Dress;Adidas;Kids' Fashion;20;4,1442;Red;S
66;228;Shoes;H&M;Men's Fashion;15;1,9674;Green;S
81;229;Shoes;Adidas;Kids' Fashion;65;1,8233;Red;XL
96;230;Shoes;Zara;Men's Fashion;82;4,5929;Black;S
92;231;Dress;Zara;Women's Fashion;33;4,7384;Red;L
93;232;Jeans;Zara;Men's Fashion;49;1,4143;Red;S
79;233;Shoes;Nike;Kids' Fashion;39;4,7063;Red;M
64;234;Sweater;H&M;Kids' Fashion;55;1,699;White;S
61;235;Shoes;Zara;Women's Fashion;50;1,8145;Green;L
40;236;Shoes;Zara;Men's Fashion;44;1,7183;White;S
68;237;Shoes;Adidas;Men's Fashion;58;3,662;White;S
10;238;Shoes;Adidas;Kids' Fashion;47;2,1468;White;XL
33;239;Shoes;Gucci;Kids' Fashion;93;3,9562;White;L
27;240;Dress;H&M;Men's Fashion;10;2,2345;Black;L
55;241;Jeans;Gucci;Men's Fashion;21;2,4049;Green;S
72;242;Dress;H&M;Men's Fashion;52;4,1287;Green;M
88;243;Shoes;H&M;Men's Fashion;79;1,0593;White;XL
77;244;Sweater;Zara;Women's Fashion;85;3,4746;Blue;XL
27;245;Dress;H&M;Women's Fashion;15;2,3336;Black;S
89;246;Jeans;Gucci;Kids' Fashion;68;3,1842;Green;S
32;247;Shoes;Zara;Women's Fashion;72;2,2601;White;S
83;248;Sweater;Zara;Kids' Fashion;81;3,6161;Red;M
34;249;Jeans;H&M;Kids' Fashion;41;1,8756;Black;XL
68;250;Dress;H&M;Women's Fashion;21;2,7725;Yellow;XL
46;251;Jeans;Gucci;Kids' Fashion;87;2,1932;White;L
43;252;Dress;H&M;Men's Fashion;25;1,659;Blue;L
65;253;T-shirt;Zara;Kids' Fashion;98;4,2368;White;M
20;254;Jeans;Gucci;Kids' Fashion;15;1,393;Yellow;L
74;255;T-shirt;H&M;Kids' Fashion;81;2,5505;Green;M
33;256;Jeans;Gucci;Kids' Fashion;86;2,0597;Blue;L
38;257;Shoes;Nike;Women's Fashion;82;3,4814;Red;S
86;258;Dress;Gucci;Women's Fashion;14;3,5634;Yellow;S
44;259;Shoes;Nike;Men's Fashion;27;2,5044;White;L
34;260;Dress;Adidas;Kids' Fashion;59;4,1548;Green;S
50;261;Dress;Zara;Men's Fashion;49;2,981;Yellow;S
68;262;Jeans;Gucci;Women's Fashion;94;4,2885;Blue;S
5;263;Jeans;Zara;Men's Fashion;71;4,0535;Yellow;XL
46;264;Dress;Gucci;Women's Fashion;55;3,1906;White;XL
8;265;T-shirt;H&M;Kids' Fashion;60;2,7467;Blue;XL
51;266;Jeans;Gucci;Kids' Fashion;62;2,3677;White;XL
25;267;Jeans;Adidas;Women's Fashion;53;4,4413;Black;S
32;268;Jeans;Adidas;Kids' Fashion;22;3,9395;Yellow;L
34;269;Shoes;H&M;Kids' Fashion;100;4,7433;Black;S
3;270;Sweater;Adidas;Kids' Fashion;60;4,213;Blue;XL
76;271;Jeans;Nike;Men's Fashion;45;4,0752;Blue;L
43;272;Dress;Nike;Kids' Fashion;95;2,3112;White;M
4;273;Dress;Nike;Men's Fashion;29;1,7646;White;XL
77;274;Dress;Adidas;Women's Fashion;18;1,6572;Red;S
58;275;Jeans;Nike;Men's Fashion;93;3,8094;Green;XL
73;276;Jeans;Nike;Men's Fashion;43;1,3933;Yellow;M
50;277;Dress;H&M;Kids' Fashion;49;1,8898;White;M
4;278;Jeans;Gucci;Men's Fashion;98;2,9585;Black;L
3;279;Shoes;Adidas;Kids' Fashion;11;2,1912;Yellow;M
31;280;Dress;Gucci;Kids' Fashion;19;2,1297;White;XL
30;281;Jeans;H&M;Women's Fashion;67;2,2565;Green;S
18;282;Jeans;Nike;Men's Fashion;75;1,2665;Black;M
95;283;Sweater;H&M;Men's Fashion;80;4,1798;White;S
78;284;T-shirt;Zara;Men's Fashion;23;3,8141;Black;S
49;285;Sweater;Nike;Women's Fashion;80;3,7041;Yellow;L
69;286;T-shirt;H&M;Kids' Fashion;13;3,236;White;XL
71;287;T-shirt;Zara;Kids' Fashion;62;4,5371;Blue;XL
13;288;Sweater;Nike;Men's Fashion;38;2,1088;Black;M
88;289;Sweater;Adidas;Kids' Fashion;18;2,8055;Blue;M
38;290;Sweater;Zara;Men's Fashion;13;4,8839;White;S
3;291;Dress;H&M;Women's Fashion;64;4,818;White;XL
91;292;T-shirt;Nike;Men's Fashion;63;3,0755;Green;S
9;293;Sweater;Nike;Men's Fashion;96;2,7696;Black;XL
4;294;Dress;H&M;Women's Fashion;89;4,0925;White;XL
39;295;Dress;H&M;Kids' Fashion;56;2,4245;Black;XL
99;296;T-shirt;H&M;Women's Fashion;25;4,1002;White;S
30;297;Sweater;Gucci;Kids' Fashion;14;1,8779;Blue;XL
4;298;Shoes;Zara;Women's Fashion;14;1,4163;Red;M
69;299;Shoes;Gucci;Kids' Fashion;21;2,9546;Green;S
3;300;Shoes;Adidas;Kids' Fashion;57;4,9235;White;S
66;301;Shoes;Adidas;Kids' Fashion;93;2,0449;Yellow;M
49;302;T-shirt;Gucci;Kids' Fashion;37;4,9038;White;M
11;303;Jeans;Gucci;Women's Fashion;94;3,6858;White;XL
7;304;Dress;Adidas;Women's Fashion;85;1,3004;Green;M
26;305;Shoes;H&M;Women's Fashion;90;2,3308;White;L
73;306;T-shirt;Gucci;Men's Fashion;23;2,8006;Black;XL
62;307;Dress;Zara;Men's Fashion;11;3,889;Yellow;S
42;308;Jeans;Adidas;Men's Fashion;60;4,4221;Yellow;S
37;309;Jeans;Gucci;Kids' Fashion;17;3,755;Black;S
61;310;Jeans;H&M;Men's Fashion;83;3,9454;White;XL
55;311;Jeans;Nike;Men's Fashion;55;4,8033;Black;L
41;312;Jeans;Zara;Men's Fashion;45;2,9279;White;S
97;313;Shoes;H&M;Women's Fashion;76;4,512;Green;XL
13;314;Jeans;Nike;Kids' Fashion;94;2,0623;Red;L
90;315;Jeans;Nike;Kids' Fashion;56;1,2179;White;XL
34;316;Jeans;H&M;Women's Fashion;68;2,0985;Red;S
55;317;Dress;Adidas;Women's Fashion;23;4,3952;Red;XL
88;318;Sweater;Zara;Men's Fashion;49;1,1558;Yellow;S
39;319;Jeans;H&M;Men's Fashion;61;1,2319;White;L
25;320;Sweater;H&M;Kids' Fashion;86;3,1469;Yellow;L
34;321;Shoes;Gucci;Kids' Fashion;40;4,4522;Red;S
58;322;Shoes;H&M;Kids' Fashion;18;1,7072;Red;M
30;323;Shoes;Zara;Women's Fashion;95;2,3261;Green;M
3;324;Sweater;Gucci;Men's Fashion;18;4,5306;Black;XL
67;325;T-shirt;Nike;Men's Fashion;91;2,668;Black;XL
7;326;Jeans;Zara;Men's Fashion;20;3,3138;Green;L
95;327;Dress;Adidas;Kids' Fashion;72;4,5729;White;L
34;328;Jeans;Adidas;Kids' Fashion;12;1,2953;Blue;L
49;329;Jeans;Nike;Women's Fashion;56;3,736;Blue;XL
15;330;T-shirt;Zara;Men's Fashion;26;2,1378;Blue;M
61;331;T-shirt;Adidas;Kids' Fashion;25;3,2729;Black;S
25;332;Shoes;Zara;Men's Fashion;75;3,1494;Blue;M
60;333;Dress;H&M;Kids' Fashion;70;2,0424;Yellow;M
80;334;Sweater;Zara;Men's Fashion;16;1,8552;Yellow;L
25;335;Sweater;Gucci;Men's Fashion;88;3,3966;Red;XL
71;336;T-shirt;Nike;Kids' Fashion;28;4,1697;White;XL
1;337;Shoes;Nike;Women's Fashion;80;1,5915;White;L
22;338;Sweater;Nike;Women's Fashion;70;1,4442;Blue;S
46;339;Dress;Gucci;Women's Fashion;74;1,804;White;M
52;340;Sweater;Adidas;Women's Fashion;32;1,2464;Blue;L
27;341;Jeans;Gucci;Men's Fashion;91;4,4736;Red;XL
69;342;Sweater;Zara;Women's Fashion;27;3,9797;Yellow;S
29;343;T-shirt;Gucci;Women's Fashion;91;4,742;Yellow;XL
42;344;Dress;Nike;Kids' Fashion;44;3,8739;Blue;L
97;345;Shoes;H&M;Kids' Fashion;67;1,4204;Yellow;S
62;346;Jeans;Adidas;Kids' Fashion;19;4,8294;Yellow;XL
76;347;Dress;H&M;Men's Fashion;18;1,1105;Blue;XL
52;348;Shoes;Zara;Kids' Fashion;76;2,9157;Blue;XL
36;349;Dress;Adidas;Kids' Fashion;97;3,1502;White;XL
50;350;Jeans;H&M;Kids' Fashion;80;2,797;Black;XL
52;351;Jeans;Nike;Women's Fashion;95;4,4712;Red;XL
41;352;Dress;H&M;Men's Fashion;71;1,5032;Green;XL
87;353;Sweater;Nike;Women's Fashion;78;2,9122;Blue;M
7;354;Dress;Gucci;Men's Fashion;74;3,8646;Red;M
59;355;Sweater;Nike;Kids' Fashion;43;2,4895;Red;XL
93;356;Dress;Zara;Kids' Fashion;68;4,33;Black;S
89;357;T-shirt;Adidas;Kids' Fashion;15;3,412;Yellow;L
66;358;Shoes;Adidas;Men's Fashion;55;1,1749;Blue;XL
55;359;Dress;Nike;Kids' Fashion;68;4,4495;Red;L
42;360;Sweater;H&M;Women's Fashion;24;2,2572;Black;XL
78;361;Sweater;H&M;Kids' Fashion;62;1,7604;Blue;XL
22;362;Jeans;Adidas;Men's Fashion;15;1,2812;Red;S
72;363;Jeans;Nike;Kids' Fashion;33;3,1428;Yellow;L
60;364;Jeans;Nike;Kids' Fashion;65;2,0404;Black;M
92;365;T-shirt;Nike;Men's Fashion;16;3,2824;White;L
7;366;Dress;Nike;Women's Fashion;29;4,1533;Yellow;L
17;367;Shoes;Nike;Women's Fashion;31;2,7106;Yellow;S
60;368;Shoes;Nike;Women's Fashion;35;1,5417;Blue;XL
62;369;Shoes;Nike;Women's Fashion;96;3,7951;Green;M
75;370;T-shirt;Nike;Kids' Fashion;58;2,6342;White;S
65;371;Dress;Nike;Women's Fashion;33;1,0811;White;XL
63;372;Dress;Nike;Men's Fashion;41;1,8439;White;S
87;373;T-shirt;Adidas;Men's Fashion;63;3,1531;Green;M
23;374;Jeans;Nike;Men's Fashion;20;1,474;Black;S
68;375;Jeans;Zara;Women's Fashion;49;4,2687;Blue;XL
16;376;Shoes;H&M;Kids' Fashion;22;3,8331;Green;S
33;377;Shoes;Zara;Women's Fashion;54;3,7225;Black;L
55;378;T-shirt;Nike;Men's Fashion;45;3,5712;Red;S
89;379;Jeans;Nike;Women's Fashion;25;3,6375;White;M
73;380;Dress;Gucci;Women's Fashion;23;1,2041;Red;XL
32;381;Shoes;H&M;Men's Fashion;23;3,3244;Green;S
97;382;T-shirt;Gucci;Men's Fashion;93;3,5849;Yellow;M
32;383;Jeans;H&M;Men's Fashion;86;2,5338;Black;L
90;384;Sweater;H&M;Kids' Fashion;84;1,4619;Black;L
74;385;Shoes;Gucci;Women's Fashion;35;3,6667;Yellow;L
27;386;Dress;Adidas;Women's Fashion;17;3,5783;Yellow;XL
52;387;Dress;Adidas;Women's Fashion;24;1,1699;Green;XL
7;388;T-shirt;H&M;Men's Fashion;86;4,1172;Green;M
51;389;T-shirt;Zara;Women's Fashion;91;1,5471;White;XL
89;390;Sweater;Adidas;Women's Fashion;86;4,448;Green;M
66;391;Dress;Gucci;Women's Fashion;25;3,8281;Blue;M
73;392;T-shirt;Zara;Men's Fashion;53;2,8148;White;S
19;393;Shoes;H&M;Men's Fashion;32;1,7522;Black;M
77;394;T-shirt;Gucci;Men's Fashion;56;3,532;Yellow;M
90;395;Shoes;Nike;Women's Fashion;14;2,5907;Yellow;M
33;396;Shoes;Zara;Men's Fashion;74;2,8659;Blue;M
100;397;Shoes;Zara;Kids' Fashion;94;1,5739;White;XL
39;398;T-shirt;H&M;Men's Fashion;16;2,1909;White;M
36;399;Dress;Adidas;Men's Fashion;37;2,6298;Yellow;L
95;400;Jeans;H&M;Women's Fashion;91;2,4347;Green;S
41;401;Jeans;Gucci;Women's Fashion;93;4,6366;Green;S
10;402;Shoes;H&M;Women's Fashion;30;1,5036;Yellow;M
83;403;Shoes;Adidas;Men's Fashion;61;3,4857;Red;S
37;404;Shoes;Adidas;Men's Fashion;71;2,9388;Green;M
61;405;Jeans;Adidas;Women's Fashion;30;2,6799;Blue;S
89;406;Shoes;Nike;Men's Fashion;54;1,7513;Black;L
50;407;Shoes;Nike;Women's Fashion;78;3,5821;White;XL
54;408;Sweater;H&M;Men's Fashion;62;2,9842;White;L
28;409;Shoes;Nike;Kids' Fashion;26;2,0109;Red;S
48;410;Jeans;H&M;Kids' Fashion;64;4,7231;Green;XL
35;411;Sweater;Nike;Men's Fashion;67;3,2636;Red;M
66;412;Shoes;Nike;Kids' Fashion;63;3,4024;Black;XL
18;413;Jeans;Zara;Women's Fashion;21;4,8493;Green;XL
13;414;Dress;Zara;Kids' Fashion;63;2,1751;Black;XL
22;415;Jeans;H&M;Kids' Fashion;41;2,7288;Yellow;L
30;416;Sweater;H&M;Women's Fashion;92;3,2515;Blue;S
58;417;Shoes;H&M;Women's Fashion;88;2,8468;Red;S
82;418;Jeans;Zara;Men's Fashion;34;4,986;Blue;S
44;419;T-shirt;H&M;Kids' Fashion;72;3,3025;Yellow;L
79;420;Jeans;Adidas;Men's Fashion;81;4,7204;White;M
18;421;T-shirt;Nike;Kids' Fashion;89;1,6541;White;M
79;422;Dress;Nike;Kids' Fashion;20;2,1155;Blue;S
56;423;Jeans;Adidas;Men's Fashion;83;4,5024;Black;M
52;424;Shoes;Adidas;Women's Fashion;45;3,0555;Yellow;M
100;425;Jeans;Nike;Men's Fashion;96;3,812;Blue;XL
11;426;Jeans;Zara;Men's Fashion;48;4,6447;Black;L
8;427;T-shirt;Zara;Kids' Fashion;15;4,7179;Yellow;XL
80;428;T-shirt;Gucci;Kids' Fashion;34;1,904;Green;M
57;429;Shoes;Gucci;Women's Fashion;94;3,8289;Black;XL
72;430;T-shirt;Nike;Kids' Fashion;92;2,7719;Black;S
46;431;Jeans;H&M;Kids' Fashion;18;2,6213;Green;S
7;432;Jeans;H&M;Kids' Fashion;55;2,2386;Blue;L
10;433;Jeans;H&M;Men's Fashion;59;3,8784;Yellow;M
44;434;T-shirt;Zara;Kids' Fashion;22;1,7056;Yellow;M
46;435;T-shirt;Adidas;Men's Fashion;47;2,7227;Blue;XL
27;436;T-shirt;Zara;Kids' Fashion;99;2,8226;Black;XL
9;437;Shoes;Gucci;Men's Fashion;96;3,1297;Green;XL
89;438;T-shirt;Adidas;Kids' Fashion;86;4,6859;Yellow;XL
71;439;Jeans;Zara;Men's Fashion;20;2,574;White;XL
49;440;Dress;Zara;Women's Fashion;83;4,7203;White;L
47;441;Sweater;Adidas;Men's Fashion;50;1,8416;Black;XL
88;442;T-shirt;H&M;Men's Fashion;74;3,9077;Red;S
37;443;Sweater;Gucci;Men's Fashion;11;3,0212;White;L
84;444;Dress;Nike;Men's Fashion;31;1,5645;White;XL
38;445;Sweater;H&M;Kids' Fashion;74;4,1991;Yellow;L
18;446;Shoes;Adidas;Kids' Fashion;91;1,1298;Black;L
84;447;Shoes;H&M;Kids' Fashion;27;4,7304;Yellow;XL
75;448;Shoes;Gucci;Kids' Fashion;53;2,1448;Green;M
5;449;Shoes;H&M;Men's Fashion;82;4,547;Black;XL
92;450;Shoes;Nike;Kids' Fashion;59;4,3262;Black;XL
42;451;T-shirt;Adidas;Kids' Fashion;69;2,9781;Green;XL
43;452;Jeans;H&M;Kids' Fashion;11;3,7025;Green;XL
30;453;Shoes;Nike;Men's Fashion;34;2,5738;Red;S
50;454;Shoes;Zara;Kids' Fashion;47;3,6658;White;L
58;455;T-shirt;Gucci;Women's Fashion;51;1,2909;Blue;M
93;456;Shoes;Gucci;Men's Fashion;14;4,4354;Blue;M
70;457;Jeans;Gucci;Women's Fashion;36;1,5959;Green;M
20;458;T-shirt;Gucci;Kids' Fashion;18;1,1844;Black;L
52;459;Dress;Adidas;Kids' Fashion;10;2,3427;Black;S
39;460;Jeans;H&M;Kids' Fashion;94;2,5822;Black;L
43;461;Shoes;Zara;Kids' Fashion;93;1,0301;Red;M
65;462;Dress;Zara;Women's Fashion;34;2,0298;Yellow;M
24;463;Dress;Adidas;Men's Fashion;25;3,1823;Blue;M
53;464;Shoes;Zara;Men's Fashion;74;1,3621;Green;L
1;465;T-shirt;Gucci;Women's Fashion;17;1,2023;White;M
30;466;Sweater;H&M;Men's Fashion;37;1,0644;Black;L
13;467;Jeans;Adidas;Women's Fashion;69;1,7953;Red;L
40;468;Dress;Zara;Women's Fashion;38;1,3147;White;S
83;469;Dress;Nike;Women's Fashion;95;4,9063;Yellow;XL
76;470;T-shirt;Adidas;Kids' Fashion;34;4,6383;Blue;S
38;471;T-shirt;Nike;Women's Fashion;96;2,3192;Black;M
11;472;Jeans;Adidas;Women's Fashion;67;3,4829;Green;L
98;473;Dress;Nike;Women's Fashion;51;1,6885;Red;S
79;474;Dress;H&M;Kids' Fashion;68;1,3706;Yellow;L
73;475;Sweater;H&M;Men's Fashion;69;4,0741;Yellow;S
14;476;Shoes;H&M;Women's Fashion;70;4,0773;White;XL
100;477;Sweater;Nike;Men's Fashion;30;1,5592;Black;S
77;478;T-shirt;H&M;Women's Fashion;12;1,343;Green;L
1;479;Sweater;Nike;Men's Fashion;51;1,1975;Green;XL
9;480;Dress;Nike;Men's Fashion;70;1,7927;Blue;XL
52;481;Jeans;Zara;Women's Fashion;24;1,6716;Blue;XL
85;482;Dress;Gucci;Women's Fashion;97;3,5782;Yellow;M
86;483;T-shirt;Zara;Women's Fashion;75;2,6513;Black;XL
92;484;Sweater;Gucci;Men's Fashion;47;2,1247;Red;XL
54;485;Dress;H&M;Women's Fashion;70;2,6381;Black;S
69;486;Jeans;Adidas;Women's Fashion;69;1,2027;Yellow;L
21;487;T-shirt;Adidas;Women's Fashion;62;3,6989;Blue;XL
30;488;Sweater;H&M;Men's Fashion;81;1,195;Yellow;XL
45;489;Dress;Adidas;Men's Fashion;37;3,5606;Black;M
12;490;T-shirt;Nike;Men's Fashion;41;1,9797;Green;L
55;491;Dress;Zara;Kids' Fashion;42;3,1221;Black;M
30;492;Sweater;Zara;Kids' Fashion;69;1,3781;Blue;M
57;493;Shoes;H&M;Kids' Fashion;88;3,1262;White;XL
54;494;Sweater;Zara;Kids' Fashion;82;4,6809;Green;M
14;495;Jeans;Nike;Women's Fashion;78;1,1296;Blue;S
92;496;T-shirt;Adidas;Kids' Fashion;59;1,7277;Green;L
88;497;Jeans;Gucci;Women's Fashion;30;3,6977;Yellow;M
50;498;Dress;Zara;Men's Fashion;59;2,9859;Yellow;XL
60;499;Dress;Adidas;Kids' Fashion;93;2,6014;White;L
36;500;Shoes;Zara;Women's Fashion;88;1,7044;Red;M
20;501;Sweater;Adidas;Kids' Fashion;41;4,3221;Green;S
61;502;Dress;Zara;Kids' Fashion;33;4,9879;Blue;M
84;503;Sweater;Adidas;Kids' Fashion;16;4,5345;White;XL
70;504;Sweater;Zara;Men's Fashion;22;2,0961;Black;XL
24;505;Dress;Zara;Women's Fashion;75;1,7297;Black;S
47;506;Shoes;Nike;Women's Fashion;51;3,9834;Blue;M
37;507;T-shirt;Zara;Women's Fashion;85;4,0566;White;XL
72;508;Dress;Gucci;Men's Fashion;25;4,459;Blue;M
95;509;Dress;Gucci;Men's Fashion;28;1,9577;Blue;L
9;510;Shoes;Nike;Men's Fashion;60;3,1081;Green;L
52;511;Jeans;H&M;Kids' Fashion;78;2,93;Black;S
71;512;Shoes;Nike;Men's Fashion;92;2,3623;Blue;S
7;513;Jeans;Zara;Men's Fashion;65;4,0617;Green;M
27;514;Dress;Adidas;Kids' Fashion;47;3,4327;White;M
1;515;Dress;Nike;Kids' Fashion;64;3,7489;White;S
51;516;Shoes;Gucci;Women's Fashion;33;1,6041;Red;S
29;517;T-shirt;Gucci;Men's Fashion;74;2,8489;Blue;M
87;518;Sweater;Gucci;Men's Fashion;56;2,5804;Yellow;S
28;519;Sweater;Adidas;Women's Fashion;29;3,475;Blue;XL
8;520;Dress;Zara;Men's Fashion;13;3,0704;Red;L
90;521;T-shirt;Adidas;Men's Fashion;19;3,2567;White;M
24;522;Sweater;Adidas;Men's Fashion;80;2,939;Yellow;S
82;523;Sweater;Gucci;Women's Fashion;71;1,2247;Black;S
51;524;T-shirt;Nike;Kids' Fashion;47;1,9344;Black;S
72;525;T-shirt;Adidas;Kids' Fashion;58;2,4433;Blue;M
36;526;Jeans;Zara;Women's Fashion;70;2,9296;Red;L
12;527;T-shirt;Nike;Kids' Fashion;31;4,1477;Yellow;M
98;528;Shoes;Zara;Men's Fashion;33;2,7147;Black;M
77;529;Shoes;Gucci;Women's Fashion;59;1,9951;White;L
7;530;Shoes;Adidas;Kids' Fashion;71;3,3564;Black;M
50;531;Dress;H&M;Women's Fashion;45;2,8931;Green;L
32;532;Shoes;Zara;Men's Fashion;21;2,066;Blue;L
12;533;Shoes;Nike;Kids' Fashion;11;4,8251;Green;S
40;534;Dress;Adidas;Kids' Fashion;94;4,5084;Yellow;M
24;535;Jeans;Nike;Women's Fashion;87;1,2042;Red;L
82;536;Dress;H&M;Kids' Fashion;18;3,3474;Yellow;S
41;537;Jeans;Nike;Men's Fashion;68;2,4059;Red;M
11;538;Dress;Nike;Men's Fashion;94;2,3695;Blue;M
26;539;T-shirt;Nike;Kids' Fashion;10;3,1016;Blue;L
26;540;Jeans;H&M;Kids' Fashion;80;1,1656;Yellow;M
48;541;Jeans;Nike;Women's Fashion;17;2,1369;Green;S
35;542;Dress;Adidas;Men's Fashion;92;4,022;Red;S
15;543;Jeans;Gucci;Men's Fashion;86;4,1653;Yellow;M
54;544;T-shirt;Nike;Women's Fashion;77;3,5568;Red;L
68;545;Shoes;Zara;Men's Fashion;82;2,0042;Red;XL
6;546;Shoes;Zara;Women's Fashion;93;1,3562;Red;L
6;547;Sweater;H&M;Kids' Fashion;89;2,5443;Yellow;XL
79;548;Sweater;Zara;Kids' Fashion;65;1,4929;Red;M
11;549;Dress;Zara;Women's Fashion;96;4,2839;Blue;XL
57;550;T-shirt;Nike;Men's Fashion;69;2,9282;Yellow;L
49;551;Jeans;H&M;Women's Fashion;83;4,0736;Blue;M
2;552;Sweater;Adidas;Kids' Fashion;50;4,4801;Blue;M
10;553;Shoes;Adidas;Men's Fashion;90;1,1984;Green;XL
11;554;Sweater;Adidas;Men's Fashion;51;4,0969;Blue;L
21;555;T-shirt;Adidas;Women's Fashion;67;3,936;Blue;L
26;556;T-shirt;H&M;Women's Fashion;39;2,6007;Red;L
45;557;Shoes;Adidas;Women's Fashion;85;1,502;Black;M
2;558;Jeans;Adidas;Women's Fashion;23;2,0266;Red;XL
6;559;Shoes;Gucci;Women's Fashion;10;4,2334;Red;XL
31;560;Dress;Adidas;Women's Fashion;99;1,002;Red;XL
65;561;Shoes;Zara;Men's Fashion;96;3,9684;Yellow;M
37;562;T-shirt;Zara;Kids' Fashion;29;4,4401;Green;L
44;563;Shoes;Adidas;Men's Fashion;39;4,043;Blue;XL
70;564;Shoes;Adidas;Kids' Fashion;31;4,5632;Blue;M
13;565;Sweater;Nike;Kids' Fashion;11;2,5928;White;L
100;566;Dress;Gucci;Kids' Fashion;80;4,0241;White;M
27;567;Dress;Zara;Kids' Fashion;96;1,2067;Black;M
61;568;Sweater;Gucci;Kids' Fashion;20;3,4928;Red;L
92;569;Dress;Nike;Kids' Fashion;55;4,2393;Blue;XL
4;570;T-shirt;Adidas;Women's Fashion;54;1,4524;Black;S
23;571;Jeans;Nike;Men's Fashion;23;2,6192;Red;M
17;572;Sweater;H&M;Men's Fashion;63;4,0515;Blue;S
80;573;Shoes;Zara;Kids' Fashion;78;3,4015;White;L
9;574;Jeans;Gucci;Women's Fashion;92;4,4918;Black;L
99;575;T-shirt;H&M;Kids' Fashion;72;4,7554;White;L
76;576;T-shirt;H&M;Women's Fashion;26;3,0898;White;S
41;577;T-shirt;H&M;Women's Fashion;66;2,1607;White;M
65;578;Dress;Gucci;Women's Fashion;48;3,1216;Green;L
26;579;Shoes;Gucci;Women's Fashion;57;4,9859;White;XL
38;580;Shoes;Adidas;Men's Fashion;92;2,4942;Green;S
65;581;Sweater;Zara;Men's Fashion;83;4,7151;Red;L
24;582;Dress;Zara;Men's Fashion;70;2,2431;White;M
96;583;Dress;H&M;Kids' Fashion;64;4,4549;Green;L
71;584;T-shirt;Gucci;Women's Fashion;17;2,6355;Black;S
6;585;Jeans;Adidas;Women's Fashion;68;3,5916;Yellow;M
38;586;Sweater;Nike;Kids' Fashion;99;2,28;Yellow;M
41;587;T-shirt;Adidas;Women's Fashion;50;1,2529;Blue;XL
46;588;T-shirt;Gucci;Kids' Fashion;24;3,4112;White;S
71;589;T-shirt;Adidas;Women's Fashion;99;1,0242;Red;L
56;590;T-shirt;Nike;Kids' Fashion;65;2,4293;Green;L
61;591;Jeans;Gucci;Women's Fashion;97;2,0362;White;M
29;592;Jeans;Nike;Kids' Fashion;47;1,759;Yellow;M
97;593;Sweater;H&M;Men's Fashion;89;3,1455;White;S
97;594;Sweater;Nike;Kids' Fashion;86;3,8422;Yellow;S
53;595;T-shirt;Gucci;Women's Fashion;96;3,633;Blue;S
9;596;Dress;H&M;Women's Fashion;35;3,9395;Black;L
95;597;Jeans;H&M;Men's Fashion;38;3,2439;Blue;M
79;598;Shoes;Gucci;Women's Fashion;77;1,4264;Yellow;XL
52;599;T-shirt;H&M;Men's Fashion;80;4,4659;Green;S
40;600;T-shirt;Adidas;Men's Fashion;97;1,4974;Yellow;M
80;601;Dress;Adidas;Women's Fashion;44;1,0347;White;L
7;602;Sweater;Zara;Women's Fashion;11;4,3428;White;L
26;603;Dress;Zara;Kids' Fashion;13;2,0309;Black;S
74;604;T-shirt;Gucci;Men's Fashion;10;3,9765;Yellow;S
92;605;Jeans;Adidas;Women's Fashion;62;2,9013;Red;S
35;606;Dress;Nike;Women's Fashion;28;4,2147;White;S
40;607;T-shirt;Nike;Women's Fashion;55;1,1788;Yellow;S
90;608;T-shirt;H&M;Women's Fashion;51;2,711;Blue;M
89;609;Sweater;Adidas;Kids' Fashion;75;4,7855;Red;S
85;610;Shoes;H&M;Women's Fashion;62;2,5328;Green;M
2;611;Shoes;Gucci;Kids' Fashion;85;2,0322;White;L
28;612;Shoes;Zara;Men's Fashion;27;2,2697;Blue;XL
80;613;Jeans;Gucci;Women's Fashion;37;4,6526;Black;XL
89;614;Sweater;Gucci;Men's Fashion;47;1,3509;Green;L
44;615;T-shirt;Nike;Kids' Fashion;67;2,8944;Red;L
80;616;Dress;Zara;Women's Fashion;98;4,8718;Red;M
19;617;Jeans;Adidas;Kids' Fashion;77;1,7026;Black;XL
51;618;Shoes;Gucci;Kids' Fashion;85;4,7282;Green;L
10;619;T-shirt;Nike;Women's Fashion;97;1,2884;Blue;M
68;620;Sweater;Nike;Kids' Fashion;37;3,4621;White;XL
17;621;Shoes;H&M;Men's Fashion;72;2,65;Yellow;S
30;622;T-shirt;Nike;Men's Fashion;45;3,7846;Red;XL
67;623;Shoes;Adidas;Kids' Fashion;62;1,6105;Green;L
83;624;T-shirt;Nike;Women's Fashion;70;4,4501;White;L
75;625;Shoes;Adidas;Kids' Fashion;78;3,4525;Black;L
44;626;Jeans;Adidas;Men's Fashion;29;4,1803;Yellow;S
61;627;T-shirt;Adidas;Men's Fashion;94;1,8716;Green;M
93;628;Sweater;Nike;Women's Fashion;64;3,8126;Red;S
80;629;Shoes;Gucci;Men's Fashion;95;3,5793;White;M
74;630;T-shirt;Nike;Women's Fashion;84;1,6614;White;XL
65;631;T-shirt;Zara;Kids' Fashion;32;4,1972;White;S
64;632;Dress;Zara;Kids' Fashion;66;3,7553;Yellow;M
73;633;Dress;Nike;Women's Fashion;72;3,7515;Red;L
9;634;Shoes;Nike;Kids' Fashion;27;1,2953;Yellow;S
34;635;Jeans;Adidas;Women's Fashion;29;2,235;Yellow;XL
10;636;Shoes;Gucci;Kids' Fashion;96;4,6022;Yellow;L
33;637;Shoes;Zara;Kids' Fashion;55;3,77;Green;S
7;638;Sweater;Adidas;Men's Fashion;22;4,9052;White;M
22;639;Shoes;Zara;Men's Fashion;26;3,5524;Blue;L
11;640;T-shirt;Zara;Kids' Fashion;72;2,7514;Red;S
10;641;Shoes;Zara;Kids' Fashion;20;1,9857;White;M
75;642;T-shirt;Gucci;Kids' Fashion;22;4,9652;Black;S
63;643;T-shirt;Zara;Kids' Fashion;42;4,6281;Black;L
64;644;Shoes;H&M;Kids' Fashion;79;1,0745;White;M
46;645;T-shirt;Zara;Kids' Fashion;98;4,696;Black;S
36;646;Sweater;Zara;Men's Fashion;36;2,8142;Green;M
25;647;Shoes;Adidas;Women's Fashion;60;1,6159;Black;M
74;648;T-shirt;Gucci;Men's Fashion;20;3,2606;White;L
82;649;T-shirt;Gucci;Women's Fashion;76;2,4414;Red;S
22;650;Dress;Gucci;Women's Fashion;99;4,309;Green;M
35;651;Shoes;Gucci;Men's Fashion;16;1,005;Yellow;XL
8;652;Jeans;Zara;Kids' Fashion;74;1,0625;Yellow;L
65;653;Dress;Gucci;Kids' Fashion;17;4,8119;Red;L
34;654;Shoes;Zara;Kids' Fashion;42;4,2765;Blue;S
6;655;T-shirt;Zara;Men's Fashion;33;1,9993;Black;S
67;656;Jeans;Nike;Men's Fashion;79;4,6605;White;M
36;657;Jeans;Nike;Men's Fashion;87;2,0975;Yellow;L
60;658;Jeans;Adidas;Women's Fashion;40;3,2523;Green;L
97;659;Shoes;Zara;Women's Fashion;21;1,0249;White;M
11;660;Dress;Adidas;Kids' Fashion;41;2,6898;Blue;S
30;661;Jeans;Gucci;Kids' Fashion;71;1,5336;Blue;XL
4;662;Dress;Nike;Women's Fashion;14;3,4567;Black;S
17;663;Sweater;Zara;Women's Fashion;52;1,1949;Black;L
33;664;Shoes;H&M;Kids' Fashion;28;4,4648;White;L
89;665;T-shirt;H&M;Women's Fashion;25;3,1717;Red;S
37;666;T-shirt;H&M;Women's Fashion;76;1,9389;Black;S
49;667;Shoes;Nike;Kids' Fashion;64;1,0982;Blue;XL
77;668;Shoes;Zara;Men's Fashion;11;1,8422;White;S
100;669;Shoes;Adidas;Women's Fashion;66;2,9297;White;L
48;670;T-shirt;Gucci;Men's Fashion;55;4,2688;Yellow;M
8;671;Dress;Adidas;Women's Fashion;16;3,2348;Blue;L
31;672;Sweater;Zara;Kids' Fashion;93;2,9582;Blue;M
79;673;T-shirt;Gucci;Kids' Fashion;83;3,184;Yellow;M
2;674;Shoes;Adidas;Kids' Fashion;72;1,9473;Green;L
11;675;Sweater;Nike;Kids' Fashion;29;1,3981;Green;XL
25;676;Shoes;Nike;Women's Fashion;11;2,7794;Black;L
74;677;Shoes;Gucci;Women's Fashion;68;4,5652;Blue;L
11;678;Dress;H&M;Men's Fashion;85;2,8629;Black;L
99;679;Jeans;Adidas;Kids' Fashion;19;1,1791;Yellow;L
5;680;Dress;Nike;Women's Fashion;55;4,0495;Red;XL
59;681;Shoes;Zara;Kids' Fashion;24;3,8096;Black;L
13;682;Jeans;Adidas;Women's Fashion;52;4,3513;Blue;XL
75;683;Jeans;Gucci;Men's Fashion;31;2,4103;White;XL
31;684;Dress;Adidas;Women's Fashion;12;3,9413;White;S
37;685;Jeans;Nike;Men's Fashion;19;1,2694;White;M
9;686;Jeans;H&M;Women's Fashion;75;2,9465;Green;M
35;687;Sweater;H&M;Kids' Fashion;74;4,174;Blue;L
19;688;Sweater;H&M;Kids' Fashion;91;1,3736;White;XL
5;689;Jeans;H&M;Kids' Fashion;32;3,2213;Black;L
11;690;Jeans;H&M;Kids' Fashion;34;2,1529;White;L
38;691;T-shirt;Adidas;Kids' Fashion;13;3,2684;Blue;XL
91;692;Dress;Nike;Women's Fashion;39;4,7053;Red;XL
44;693;Shoes;Nike;Men's Fashion;62;2,5543;Green;L
98;694;T-shirt;Adidas;Kids' Fashion;51;2,05;Red;L
45;695;Dress;Zara;Women's Fashion;78;4,7347;Red;XL
81;696;Sweater;Adidas;Men's Fashion;39;4,5927;Green;XL
61;697;T-shirt;Nike;Women's Fashion;99;4,8041;Green;L
82;698;Sweater;Zara;Men's Fashion;85;1,8044;White;XL
52;699;T-shirt;Adidas;Men's Fashion;50;1,6536;Green;S
96;700;Dress;H&M;Women's Fashion;78;4,8246;Yellow;S
34;701;Jeans;Nike;Women's Fashion;17;2,2588;Blue;XL
46;702;Shoes;Gucci;Kids' Fashion;58;4,7947;Blue;L
27;703;Shoes;Gucci;Men's Fashion;21;3,4251;Blue;S
6;704;T-shirt;Adidas;Kids' Fashion;38;4,9796;Green;M
32;705;Dress;Nike;Kids' Fashion;67;2,1969;Black;L
91;706;Jeans;Gucci;Women's Fashion;69;1,05;Green;S
100;707;Dress;Adidas;Women's Fashion;68;4,2958;Green;M
17;708;T-shirt;Nike;Kids' Fashion;76;4,4489;Black;M
57;709;T-shirt;Adidas;Men's Fashion;53;1,6831;White;XL
50;710;Sweater;Zara;Men's Fashion;58;2,169;Red;S
37;711;Jeans;Adidas;Men's Fashion;34;3,4839;Red;M
76;712;Shoes;Gucci;Kids' Fashion;100;4,6109;Green;S
25;713;Jeans;Gucci;Men's Fashion;75;4,4401;Blue;XL
91;714;Shoes;Zara;Men's Fashion;35;2,4915;White;S
48;715;Shoes;Nike;Women's Fashion;84;4,8686;Yellow;L
11;716;Shoes;Adidas;Men's Fashion;68;3,9283;Red;S
8;717;Sweater;Nike;Women's Fashion;34;4,2269;Yellow;M
73;718;T-shirt;Zara;Women's Fashion;30;1,3733;White;L
59;719;Dress;H&M;Women's Fashion;34;1,9399;Blue;M
97;720;Shoes;Adidas;Men's Fashion;27;2,5737;Black;S
42;721;Shoes;Zara;Kids' Fashion;77;2,2061;Blue;M
78;722;Dress;Adidas;Women's Fashion;73;3,9579;Blue;L
55;723;T-shirt;Nike;Men's Fashion;97;1,109;White;S
82;724;Shoes;Adidas;Women's Fashion;57;3,1653;Yellow;S
87;725;Jeans;Gucci;Women's Fashion;12;3,8051;Black;XL
40;726;T-shirt;Nike;Men's Fashion;10;3,2062;Red;XL
72;727;Jeans;Adidas;Women's Fashion;11;4,4203;White;S
95;728;Dress;Zara;Men's Fashion;63;2,4094;Yellow;S
26;729;Sweater;Gucci;Kids' Fashion;10;2,7286;Yellow;XL
72;730;Jeans;Zara;Kids' Fashion;68;1,6073;Green;M
20;731;Sweater;Adidas;Men's Fashion;62;4,8982;White;XL
48;732;Shoes;Zara;Women's Fashion;28;2,645;Blue;S
89;733;Sweater;Adidas;Women's Fashion;75;4,8911;Black;M
89;734;Dress;Zara;Women's Fashion;80;1,5925;Blue;XL
65;735;Sweater;H&M;Men's Fashion;28;3,9025;Yellow;L
11;736;T-shirt;Adidas;Men's Fashion;94;2,7616;White;L
20;737;T-shirt;Adidas;Kids' Fashion;78;1,1268;Blue;S
30;738;Jeans;H&M;Men's Fashion;100;1,0338;Blue;L
24;739;Sweater;Gucci;Kids' Fashion;80;1,2308;Red;M
68;740;Dress;Nike;Women's Fashion;72;3,6911;White;XL
49;741;Shoes;Nike;Women's Fashion;81;3,3868;Blue;XL
54;742;Dress;H&M;Men's Fashion;85;3,4628;Yellow;L
15;743;Jeans;H&M;Women's Fashion;55;1,7291;Red;XL
21;744;Shoes;Zara;Men's Fashion;97;2,999;Black;XL
73;745;Sweater;Zara;Men's Fashion;40;3,7539;Blue;L
13;746;Shoes;Gucci;Kids' Fashion;21;1,2506;Black;S
37;747;Jeans;Adidas;Kids' Fashion;73;1,4197;White;XL
87;748;Sweater;Zara;Kids' Fashion;45;3,3463;Red;S
31;749;Shoes;Gucci;Women's Fashion;43;2,3868;Black;L
71;750;Shoes;Nike;Kids' Fashion;57;3,7275;Red;L
65;751;Jeans;Gucci;Kids' Fashion;72;2,0975;Blue;S
14;752;Dress;Gucci;Men's Fashion;72;1,9733;Blue;L
17;753;Jeans;Zara;Kids' Fashion;86;4,2091;Yellow;S
63;754;Jeans;Gucci;Kids' Fashion;79;1,8938;Red;L
99;755;T-shirt;Zara;Women's Fashion;90;3,4672;White;S
37;756;Jeans;Adidas;Men's Fashion;34;1,6699;Black;XL
66;757;Shoes;Gucci;Kids' Fashion;61;4,1882;Black;L
32;758;Jeans;Nike;Women's Fashion;51;4,2222;Green;M
39;759;Shoes;Gucci;Kids' Fashion;65;1,8292;Black;S
35;760;Jeans;Nike;Women's Fashion;57;3,4584;Green;S
86;761;Dress;H&M;Men's Fashion;92;3,6434;Black;L
8;762;Jeans;Nike;Kids' Fashion;50;3,8043;Blue;XL
71;763;T-shirt;Nike;Men's Fashion;25;2,0855;Green;S
10;764;Dress;H&M;Women's Fashion;30;2,0614;Black;M
25;765;Sweater;H&M;Kids' Fashion;86;4,8267;Blue;S
25;766;Jeans;Zara;Men's Fashion;40;4,4619;Green;M
83;767;Shoes;H&M;Men's Fashion;72;4,6301;Yellow;L
12;768;Shoes;H&M;Women's Fashion;95;4,5998;White;M
71;769;Sweater;Zara;Men's Fashion;28;4,4761;White;S
93;770;T-shirt;H&M;Kids' Fashion;14;4,6805;Yellow;S
71;771;T-shirt;Zara;Men's Fashion;82;1,5658;Red;XL
34;772;Shoes;Gucci;Men's Fashion;24;4,7736;Black;XL
70;773;Shoes;Nike;Women's Fashion;74;2,5048;Black;XL
74;774;Dress;H&M;Men's Fashion;94;2,9773;White;L
39;775;Dress;H&M;Men's Fashion;60;3,2011;White;M
73;776;Dress;Nike;Men's Fashion;86;2,2193;Red;M
40;777;Jeans;Adidas;Kids' Fashion;88;1,7981;Green;M
25;778;Dress;Nike;Kids' Fashion;80;3,9754;White;L
98;779;Jeans;Nike;Kids' Fashion;94;3,726;Yellow;XL
46;780;T-shirt;Gucci;Kids' Fashion;89;1,7214;Blue;XL
83;781;Sweater;Nike;Men's Fashion;85;4,8284;Green;L
23;782;T-shirt;Adidas;Men's Fashion;31;1,948;White;M
76;783;Jeans;H&M;Women's Fashion;59;2,1972;Red;S
95;784;Sweater;Zara;Men's Fashion;46;3,0739;White;M
77;785;T-shirt;H&M;Men's Fashion;57;1,2698;Red;S
65;786;T-shirt;H&M;Kids' Fashion;73;3,9583;White;L
91;787;Dress;H&M;Women's Fashion;96;3,2551;Blue;XL
34;788;Jeans;Adidas;Kids' Fashion;74;3,1438;Red;S
22;789;Jeans;Nike;Women's Fashion;99;2,5142;Yellow;XL
31;790;Shoes;Adidas;Men's Fashion;34;1,0985;Red;S
73;791;Jeans;Gucci;Women's Fashion;58;3,6484;Green;L
88;792;Sweater;Adidas;Kids' Fashion;88;4,6451;Yellow;XL
28;793;T-shirt;Zara;Kids' Fashion;82;1,3204;Black;XL
9;794;Jeans;H&M;Women's Fashion;68;4,2939;Black;M
2;795;Jeans;Gucci;Kids' Fashion;30;1,4819;Black;S
3;796;Jeans;H&M;Women's Fashion;86;1,8564;Black;M
68;797;Sweater;H&M;Kids' Fashion;62;1,1175;Red;XL
28;798;Jeans;H&M;Kids' Fashion;75;1,7967;Blue;M
48;799;Shoes;Adidas;Men's Fashion;20;2,3278;Yellow;XL
61;800;T-shirt;H&M;Men's Fashion;38;4,7828;Red;S
33;801;Jeans;Zara;Men's Fashion;39;3,513;Black;XL
66;802;Shoes;Gucci;Men's Fashion;26;2,6429;Green;XL
56;803;Sweater;Nike;Men's Fashion;13;1,6154;Blue;XL
66;804;T-shirt;Zara;Kids' Fashion;91;2,6307;Black;M
53;805;Dress;H&M;Men's Fashion;84;3,3897;Blue;XL
100;806;Jeans;Zara;Women's Fashion;11;3,7786;Green;L
74;807;Jeans;Zara;Men's Fashion;31;2,0032;Blue;S
20;808;T-shirt;Adidas;Women's Fashion;26;4,3248;Yellow;L
5;809;Jeans;Adidas;Men's Fashion;22;3,1426;White;XL
31;810;Jeans;Zara;Kids' Fashion;39;1,0669;Black;M
9;811;Jeans;Gucci;Kids' Fashion;63;1,8431;White;M
9;812;Dress;Nike;Women's Fashion;23;1,1767;Blue;M
42;813;Sweater;Zara;Men's Fashion;97;3,0508;Blue;M
62;814;Sweater;Zara;Women's Fashion;48;2,7959;Yellow;XL
78;815;Sweater;Zara;Women's Fashion;16;3,1273;Black;S
24;816;Jeans;Nike;Kids' Fashion;86;1,0908;Blue;XL
51;817;T-shirt;Adidas;Kids' Fashion;15;1,1605;Black;XL
42;818;Dress;Nike;Women's Fashion;36;4,0229;Blue;L
45;819;T-shirt;Zara;Men's Fashion;41;3,4439;White;XL
91;820;T-shirt;Nike;Women's Fashion;49;3,1596;White;L
65;821;Dress;H&M;Women's Fashion;30;3,6377;Blue;XL
75;822;T-shirt;Gucci;Kids' Fashion;48;4,744;Green;XL
65;823;T-shirt;H&M;Kids' Fashion;77;2,883;White;L
3;824;Shoes;Zara;Women's Fashion;17;1,0802;White;L
32;825;T-shirt;Zara;Men's Fashion;12;1,8514;White;M
35;826;Shoes;Adidas;Women's Fashion;92;4,7752;Red;S
13;827;Shoes;Nike;Women's Fashion;92;1,7803;Red;XL
94;828;Sweater;H&M;Women's Fashion;29;4,4017;Green;S
18;829;Dress;Adidas;Men's Fashion;19;4,257;Black;XL
94;830;Jeans;Gucci;Kids' Fashion;54;3,7297;Green;S
19;831;Jeans;Gucci;Kids' Fashion;37;2,5483;Black;S
96;832;Jeans;Nike;Women's Fashion;87;2,3573;Blue;L
70;833;Sweater;H&M;Kids' Fashion;82;1,1;Yellow;L
99;834;Shoes;H&M;Women's Fashion;98;3,7763;Yellow;S
15;835;T-shirt;Nike;Kids' Fashion;84;2,891;Yellow;XL
93;836;Jeans;Gucci;Women's Fashion;21;4,249;White;L
59;837;Shoes;Nike;Kids' Fashion;50;2,406;Black;M
33;838;Jeans;Zara;Men's Fashion;60;2,6772;Blue;S
26;839;Dress;Nike;Kids' Fashion;68;2,6551;Blue;S
73;840;Shoes;Zara;Kids' Fashion;84;3,1547;Red;S
56;841;Dress;Zara;Men's Fashion;37;3,0051;Blue;M
59;842;Jeans;Adidas;Men's Fashion;44;3,0622;White;XL
52;843;Shoes;Nike;Kids' Fashion;91;2,723;Red;M
1;844;Sweater;Zara;Kids' Fashion;11;2,8851;Blue;M
66;845;Sweater;Gucci;Men's Fashion;92;2,1024;Green;M
82;846;T-shirt;Nike;Kids' Fashion;26;4,3049;Yellow;M
88;847;T-shirt;Gucci;Women's Fashion;10;1,3749;Green;S
78;848;Shoes;Nike;Kids' Fashion;31;3,7636;White;L
14;849;Dress;Nike;Kids' Fashion;60;3,6429;Green;S
2;850;T-shirt;Nike;Kids' Fashion;73;1,2705;Yellow;L
24;851;Jeans;Nike;Men's Fashion;46;2,6852;Yellow;XL
38;852;Jeans;H&M;Kids' Fashion;83;3,0112;Red;XL
5;853;Dress;H&M;Kids' Fashion;20;3,0097;Green;L
72;854;T-shirt;Adidas;Kids' Fashion;83;3,7093;Green;M
96;855;Jeans;H&M;Kids' Fashion;88;1,9022;Red;L
55;856;Jeans;Gucci;Women's Fashion;93;1,801;Green;XL
37;857;Dress;H&M;Men's Fashion;93;4,3509;Blue;M
64;858;T-shirt;Zara;Kids' Fashion;96;4,4518;Yellow;M
48;859;T-shirt;Adidas;Women's Fashion;44;1,4002;Red;L
75;860;Dress;Nike;Kids' Fashion;43;4,0278;Blue;S
60;861;Shoes;Gucci;Men's Fashion;98;4,6601;White;XL
61;862;Sweater;Adidas;Kids' Fashion;14;1,5789;Blue;S
49;863;Shoes;Gucci;Men's Fashion;99;1,433;Red;S
22;864;Sweater;Nike;Men's Fashion;48;3,9409;Yellow;L
54;865;Jeans;Gucci;Women's Fashion;80;1,6728;Yellow;M
89;866;Shoes;H&M;Men's Fashion;66;4,5501;White;S
3;867;Jeans;Nike;Men's Fashion;90;4,2351;Black;S
84;868;Sweater;Gucci;Kids' Fashion;72;3,9294;Red;L
98;869;Jeans;Zara;Men's Fashion;100;1,839;Black;XL
100;870;Jeans;Nike;Kids' Fashion;26;2,708;Yellow;S
56;871;Shoes;H&M;Men's Fashion;66;2,6223;White;XL
94;872;Jeans;H&M;Women's Fashion;96;4,6463;Black;M
16;873;T-shirt;Gucci;Kids' Fashion;27;3,3387;Red;L
54;874;Dress;Gucci;Kids' Fashion;45;4,1635;Yellow;XL
74;875;Jeans;Adidas;Kids' Fashion;52;3,275;Black;L
26;876;Dress;Nike;Kids' Fashion;82;1,2981;Green;M
92;877;Sweater;Zara;Women's Fashion;29;4,5004;Red;L
34;878;Sweater;Nike;Women's Fashion;59;4,0239;Yellow;XL
1;879;T-shirt;Nike;Kids' Fashion;67;4,3014;Red;S
18;880;Sweater;Zara;Kids' Fashion;48;1,9378;White;L
25;881;Shoes;H&M;Men's Fashion;20;2,7639;Red;XL
35;882;Sweater;Gucci;Women's Fashion;57;2,4145;Yellow;XL
73;883;Shoes;Nike;Kids' Fashion;49;1,9338;Yellow;L
94;884;Dress;Zara;Men's Fashion;51;2,8944;Green;L
90;885;T-shirt;Zara;Kids' Fashion;94;3,0319;White;XL
38;886;Dress;Gucci;Men's Fashion;27;3,4161;Blue;M
79;887;Sweater;Adidas;Men's Fashion;88;3,6452;Blue;XL
39;888;Sweater;Gucci;Kids' Fashion;73;4,9534;Blue;S
60;889;Shoes;Adidas;Kids' Fashion;25;4,596;Yellow;XL
67;890;T-shirt;H&M;Men's Fashion;42;1,0411;Black;M
32;891;Dress;H&M;Women's Fashion;84;1,444;White;XL
63;892;T-shirt;Adidas;Women's Fashion;62;3,9423;Blue;M
98;893;Shoes;H&M;Kids' Fashion;76;2,0727;Red;S
22;894;Shoes;Adidas;Men's Fashion;37;1,4113;Black;S
89;895;Jeans;Gucci;Women's Fashion;88;2,1043;Yellow;L
41;896;Jeans;Gucci;Men's Fashion;80;4,3697;Black;S
84;897;Jeans;H&M;Women's Fashion;22;3,8167;White;S
98;898;Dress;Nike;Women's Fashion;44;4,2106;Green;M
83;899;Shoes;Gucci;Men's Fashion;85;2,4017;Red;XL
94;900;T-shirt;Nike;Men's Fashion;91;1,6081;Blue;XL
44;901;Jeans;Zara;Men's Fashion;41;4,6405;Red;XL
91;902;Shoes;Gucci;Women's Fashion;40;3,1874;Black;XL
27;903;Sweater;Nike;Women's Fashion;99;2,1908;Yellow;M
80;904;Sweater;Zara;Women's Fashion;27;1,7662;Yellow;M
87;905;Jeans;Nike;Women's Fashion;83;1,0503;Red;XL
5;906;Shoes;Nike;Kids' Fashion;23;2,547;Yellow;M
38;907;T-shirt;Adidas;Men's Fashion;27;1,5733;Yellow;L
32;908;Shoes;Zara;Kids' Fashion;36;3,1944;White;M
80;909;Jeans;Nike;Women's Fashion;32;3,3256;Green;XL
45;910;Sweater;Adidas;Kids' Fashion;34;1,2026;Green;S
63;911;Jeans;Nike;Kids' Fashion;89;2,0999;White;S
40;912;Dress;Adidas;Men's Fashion;22;3,2873;Blue;L
25;913;Shoes;Gucci;Kids' Fashion;56;3,969;Black;S
11;914;T-shirt;H&M;Kids' Fashion;46;4,0574;Red;L
14;915;Shoes;Adidas;Kids' Fashion;35;2,9307;White;M
89;916;Sweater;Nike;Men's Fashion;91;3,4566;Black;M
8;917;Jeans;Zara;Men's Fashion;23;2,8357;Red;M
76;918;Shoes;H&M;Kids' Fashion;73;3,8031;Red;XL
83;919;Shoes;Adidas;Women's Fashion;96;3,3568;Red;S
21;920;T-shirt;Gucci;Women's Fashion;95;3,8049;Red;M
13;921;Jeans;Gucci;Men's Fashion;24;2,9164;Green;S
81;922;Jeans;Gucci;Men's Fashion;45;4,5751;Green;L
13;923;Sweater;Zara;Men's Fashion;79;2,8298;White;L
92;924;Sweater;Nike;Men's Fashion;80;3,7032;Black;M
40;925;Sweater;H&M;Women's Fashion;69;3,2838;Blue;S
37;926;Dress;Zara;Women's Fashion;73;2,1903;Blue;L
29;927;T-shirt;Adidas;Men's Fashion;71;4,9467;White;XL
37;928;Sweater;Adidas;Kids' Fashion;10;4,5855;Black;L
64;929;Shoes;Gucci;Kids' Fashion;33;3,9899;Blue;S
49;930;T-shirt;Adidas;Women's Fashion;31;3,0129;White;M
19;931;Dress;Zara;Kids' Fashion;73;3,8557;Blue;XL
64;932;Jeans;H&M;Kids' Fashion;68;2,5637;Yellow;L
16;933;Sweater;Adidas;Kids' Fashion;76;3,3918;Blue;L
98;934;T-shirt;Nike;Women's Fashion;82;2,6368;Green;XL
77;935;Sweater;Adidas;Men's Fashion;60;1,8836;Black;S
72;936;Sweater;Gucci;Men's Fashion;33;1,8814;White;M
80;937;T-shirt;Gucci;Men's Fashion;38;1,1232;Red;S
30;938;T-shirt;Gucci;Kids' Fashion;100;3,2178;Blue;S
81;939;Jeans;H&M;Men's Fashion;93;4,9456;White;M
63;940;T-shirt;Gucci;Kids' Fashion;77;3,7215;White;XL
24;941;Jeans;Zara;Men's Fashion;70;1,6596;White;XL
60;942;Shoes;Adidas;Men's Fashion;49;1,9688;Green;L
37;943;Jeans;Gucci;Kids' Fashion;71;4,0561;Blue;L
65;944;Sweater;H&M;Kids' Fashion;49;3,0773;Black;S
72;945;Jeans;Gucci;Kids' Fashion;58;2,013;Red;L
78;946;Sweater;H&M;Women's Fashion;15;1,6682;Red;S
1;947;T-shirt;Zara;Kids' Fashion;48;3,1556;White;S
37;948;Sweater;Gucci;Women's Fashion;83;3,5517;Yellow;XL
4;949;T-shirt;Zara;Kids' Fashion;96;4,4728;Green;M
4;950;T-shirt;Zara;Men's Fashion;86;1,7063;Green;L
61;951;Sweater;Nike;Kids' Fashion;62;2,9487;Black;L
17;952;Dress;Zara;Women's Fashion;60;2,5542;Black;L
88;953;Jeans;Nike;Kids' Fashion;19;1,5419;Blue;L
61;954;T-shirt;Gucci;Women's Fashion;74;2,8023;Green;L
81;955;Jeans;Nike;Kids' Fashion;64;1,7977;White;XL
39;956;Sweater;H&M;Men's Fashion;88;3,9121;Black;M
2;957;Jeans;Nike;Men's Fashion;57;4,9288;White;L
46;958;Shoes;Adidas;Men's Fashion;16;2,2046;Green;M
100;959;Sweater;H&M;Kids' Fashion;45;2,5655;Yellow;XL
94;960;Jeans;Gucci;Men's Fashion;50;4,1396;Red;M
62;961;Jeans;Nike;Women's Fashion;40;1,73;White;L
4;962;Shoes;Adidas;Women's Fashion;97;2,6083;Green;L
85;963;Shoes;H&M;Men's Fashion;21;4,2845;Black;XL
1;964;Dress;Nike;Women's Fashion;31;4,5418;White;S
21;965;Sweater;Nike;Men's Fashion;55;3,5048;Yellow;S
6;966;Jeans;Gucci;Kids' Fashion;66;4,8659;Black;S
92;967;Shoes;Gucci;Kids' Fashion;85;4,0033;Blue;M
84;968;Sweater;Gucci;Kids' Fashion;46;1,3395;Black;S
12;969;T-shirt;Gucci;Kids' Fashion;26;2,3083;Red;L
78;970;Sweater;H&M;Kids' Fashion;19;4,9768;White;L
82;971;Shoes;H&M;Men's Fashion;45;3,3757;Green;XL
84;972;Jeans;Gucci;Men's Fashion;14;4,7833;White;XL
4;973;Jeans;H&M;Kids' Fashion;20;3,7406;Red;L
56;974;Shoes;Gucci;Kids' Fashion;72;3,1004;Black;XL
46;975;Dress;Zara;Men's Fashion;19;3,101;Black;L
82;976;Dress;Nike;Kids' Fashion;42;1,5354;White;M
4;977;T-shirt;Nike;Men's Fashion;91;4,0407;Red;XL
23;978;T-shirt;Zara;Men's Fashion;98;4,1763;Black;M
77;979;T-shirt;Nike;Men's Fashion;96;1,8932;Blue;S
28;980;T-shirt;H&M;Kids' Fashion;50;4,8123;Blue;XL
35;981;Shoes;Nike;Women's Fashion;97;3,4449;White;XL
50;982;Jeans;Nike;Kids' Fashion;11;4,0386;Green;S
94;983;Dress;Zara;Men's Fashion;50;4,4573;Red;XL
70;984;Dress;Gucci;Men's Fashion;64;2,906;Green;XL
57;985;T-shirt;H&M;Women's Fashion;36;2,5123;Green;S
1;986;Shoes;Gucci;Men's Fashion;11;4,6146;Blue;M
77;987;Shoes;H&M;Women's Fashion;42;3,249;Red;M
80;988;T-shirt;H&M;Men's Fashion;56;2,5739;Blue;XL
67;989;T-shirt;Adidas;Men's Fashion;78;4,7152;Black;S
51;990;T-shirt;Gucci;Men's Fashion;16;3,3925;Yellow;S
60;991;Shoes;Nike;Kids' Fashion;25;4,9726;Red;L
42;992;T-shirt;Gucci;Women's Fashion;91;4,9221;Black;M
89;993;Shoes;H&M;Women's Fashion;33;4,0005;Yellow;S
59;994;Sweater;H&M;Men's Fashion;89;4,4408;Green;L
34;995;Sweater;Adidas;Kids' Fashion;58;4,3951;Red;S
20;996;Shoes;Zara;Women's Fashion;55;1,62;Black;M
42;997;Sweater;Nike;Kids' Fashion;13;1,5444;Green;L
9;998;Sweater;Zara;Men's Fashion;47;3,9619;White;L
8;999;T-shirt;Zara;Women's Fashion;68;3,0897;Blue;S
91;1000;Shoes;Adidas;Women's Fashion;79;3,0935;White;L
